{
  "packages": [
    "_duckdb",
    "annotated_doc",
    "annotated_types",
    "anyio",
    "charset_normalizer",
    "click",
    "cryptography",
    "docling",
    "dotenv",
    "download",
    "duckdb",
    "email_validator",
    "embeddings_dense",
    "embeddings_sparse",
    "faiss",
    "fastapi",
    "fsspec",
    "idna",
    "jnius",
    "kg_builder",
    "kgfoundry",
    "kgfoundry_common",
    "libcuvs",
    "libraft",
    "librmm",
    "linking",
    "numpy",
    "observability",
    "ontology",
    "orchestration",
    "orjson",
    "packaging",
    "pluggy",
    "prefect",
    "prometheus_client",
    "pyarrow",
    "pydantic",
    "pydantic_core",
    "pyserini",
    "pytest",
    "registry",
    "requests",
    "rich",
    "scipy",
    "search_api",
    "search_client",
    "starlette",
    "threadpoolctl",
    "tqdm",
    "typer",
    "typing_inspection",
    "urllib3",
    "uvicorn",
    "vectorstore_faiss",
    "yaml"
  ],
  "cycles": [
    [
      "orchestration",
      "kgfoundry"
    ],
    [
      "search_api",
      "kgfoundry"
    ]
  ],
  "centrality": {
    "_duckdb": 0.018518518518518517,
    "annotated_doc": 0.018518518518518517,
    "annotated_types": 0.018518518518518517,
    "anyio": 0.07407407407407407,
    "charset_normalizer": 0.018518518518518517,
    "click": 0.037037037037037035,
    "cryptography": 0.037037037037037035,
    "docling": 0.037037037037037035,
    "dotenv": 0.018518518518518517,
    "download": 0.07407407407407407,
    "duckdb": 0.05555555555555555,
    "email_validator": 0.037037037037037035,
    "embeddings_dense": 0.05555555555555555,
    "embeddings_sparse": 0.05555555555555555,
    "faiss": 0.07407407407407407,
    "fastapi": 0.16666666666666666,
    "fsspec": 0.037037037037037035,
    "idna": 0.05555555555555555,
    "jnius": 0.018518518518518517,
    "kg_builder": 0.037037037037037035,
    "kgfoundry": 0.2962962962962963,
    "kgfoundry_common": 0.31481481481481477,
    "libcuvs": 0.05555555555555555,
    "libraft": 0.018518518518518517,
    "librmm": 0.018518518518518517,
    "linking": 0.037037037037037035,
    "numpy": 0.18518518518518517,
    "observability": 0.05555555555555555,
    "ontology": 0.037037037037037035,
    "orchestration": 0.16666666666666666,
    "orjson": 0.037037037037037035,
    "packaging": 0.037037037037037035,
    "pluggy": 0.018518518518518517,
    "prefect": 0.2222222222222222,
    "prometheus_client": 0.018518518518518517,
    "pyarrow": 0.05555555555555555,
    "pydantic": 0.16666666666666666,
    "pydantic_core": 0.05555555555555555,
    "pyserini": 0.09259259259259259,
    "pytest": 0.018518518518518517,
    "registry": 0.07407407407407407,
    "requests": 0.12962962962962962,
    "rich": 0.05555555555555555,
    "scipy": 0.037037037037037035,
    "search_api": 0.2037037037037037,
    "search_client": 0.05555555555555555,
    "starlette": 0.05555555555555555,
    "threadpoolctl": 0.018518518518518517,
    "tqdm": 0.018518518518518517,
    "typer": 0.07407407407407407,
    "typing_inspection": 0.018518518518518517,
    "urllib3": 0.05555555555555555,
    "uvicorn": 0.07407407407407407,
    "vectorstore_faiss": 0.1111111111111111,
    "yaml": 0.09259259259259259
  },
  "layer_violations": [
    [
      "domain",
      "infra",
      "edge:kgfoundry_common->embeddings_dense"
    ],
    [
      "domain",
      "infra",
      "edge:kgfoundry_common->embeddings_sparse"
    ],
    [
      "domain",
      "application",
      "edge:kgfoundry_common->kg_builder"
    ],
    [
      "domain",
      "infra",
      "edge:kgfoundry_common->ontology"
    ],
    [
      "domain",
      "application",
      "edge:kgfoundry_common->orchestration"
    ],
    [
      "domain",
      "interface",
      "edge:kgfoundry_common->search_api"
    ]
  ],
  "cycle_enumeration_skipped": false,
  "generated_at": "2025-10-30T16:14:15Z"
}