{
  "packages": [
    "_duckdb",
    "annotated_doc",
    "annotated_types",
    "anyio",
    "charset_normalizer",
    "click",
    "cryptography",
    "docling",
    "dotenv",
    "download",
    "duckdb",
    "email_validator",
    "embeddings_dense",
    "embeddings_sparse",
    "fastapi",
    "fsspec",
    "idna",
    "kg_builder",
    "kgfoundry",
    "kgfoundry_common",
    "linking",
    "numpy",
    "observability",
    "ontology",
    "orchestration",
    "orjson",
    "pluggy",
    "prefect",
    "prometheus_client",
    "pyarrow",
    "pydantic",
    "pydantic_core",
    "pytest",
    "registry",
    "requests",
    "rich",
    "search_api",
    "search_client",
    "starlette",
    "typer",
    "typing_inspection",
    "urllib3",
    "uvicorn",
    "vectorstore_faiss",
    "yaml"
  ],
  "cycles": [],
  "centrality": {
    "_duckdb": 0.022727272727272728,
    "annotated_doc": 0.022727272727272728,
    "annotated_types": 0.022727272727272728,
    "anyio": 0.09090909090909091,
    "charset_normalizer": 0.022727272727272728,
    "click": 0.045454545454545456,
    "cryptography": 0.045454545454545456,
    "docling": 0.022727272727272728,
    "dotenv": 0.022727272727272728,
    "download": 0.06818181818181818,
    "duckdb": 0.06818181818181818,
    "email_validator": 0.045454545454545456,
    "embeddings_dense": 0.045454545454545456,
    "embeddings_sparse": 0.022727272727272728,
    "fastapi": 0.20454545454545456,
    "fsspec": 0.045454545454545456,
    "idna": 0.06818181818181818,
    "kg_builder": 0.022727272727272728,
    "kgfoundry": 0.045454545454545456,
    "kgfoundry_common": 0.36363636363636365,
    "linking": 0.022727272727272728,
    "numpy": 0.13636363636363635,
    "observability": 0.045454545454545456,
    "ontology": 0.022727272727272728,
    "orchestration": 0.18181818181818182,
    "orjson": 0.045454545454545456,
    "pluggy": 0.022727272727272728,
    "prefect": 0.25,
    "prometheus_client": 0.022727272727272728,
    "pyarrow": 0.06818181818181818,
    "pydantic": 0.20454545454545456,
    "pydantic_core": 0.06818181818181818,
    "pytest": 0.022727272727272728,
    "registry": 0.06818181818181818,
    "requests": 0.1590909090909091,
    "rich": 0.06818181818181818,
    "search_api": 0.18181818181818182,
    "search_client": 0.045454545454545456,
    "starlette": 0.06818181818181818,
    "typer": 0.09090909090909091,
    "typing_inspection": 0.022727272727272728,
    "urllib3": 0.06818181818181818,
    "uvicorn": 0.09090909090909091,
    "vectorstore_faiss": 0.09090909090909091,
    "yaml": 0.11363636363636365
  },
  "layer_violations": [
    [
      "domain",
      "infra",
      "edge:kgfoundry_common->embeddings_dense"
    ],
    [
      "domain",
      "infra",
      "edge:kgfoundry_common->embeddings_sparse"
    ],
    [
      "domain",
      "application",
      "edge:kgfoundry_common->kg_builder"
    ],
    [
      "domain",
      "infra",
      "edge:kgfoundry_common->ontology"
    ],
    [
      "domain",
      "application",
      "edge:kgfoundry_common->orchestration"
    ],
    [
      "domain",
      "interface",
      "edge:kgfoundry_common->search_api"
    ]
  ],
  "cycle_enumeration_skipped": false,
  "generated_at": "2025-10-29T02:52:06Z"
}